<?xml version="1.0" encoding="UTF-8"?>
<project-private xmlns="http://www.netbeans.org/ns/project-private/1">
    <editor-bookmarks xmlns="http://www.netbeans.org/ns/editor-bookmarks/2" lastBookmarkId="0"/>
    <open-files xmlns="http://www.netbeans.org/ns/projectui-open-files/2">
        <group>
            <file>file:/C:/xampp/htdocs/Makoti_reservation/slider.php</file>
            <file>file:/C:/xampp/htdocs/Makoti_reservation/navbar_dasboard.php</file>
            <file>file:/C:/xampp/htdocs/Makoti_reservation/admin/logout.php</file>
            <file>file:/C:/xampp/htdocs/Makoti_reservation/admin/delete_user.php</file>
            <file>file:/C:/xampp/htdocs/Makoti_reservation/dbcon.php</file>
            <file>file:/C:/xampp/htdocs/Makoti_reservation/admin/dasboard.php</file>
            <file>file:/C:/xampp/htdocs/Makoti_reservation/myschedule.php</file>
            <file>file:/C:/xampp/htdocs/Makoti_reservation/admin/header.php</file>
            <file>file:/C:/xampp/htdocs/Makoti_reservation/login_modal.php</file>
            <file>file:/C:/xampp/htdocs/Makoti_reservation/admin/edit_note.php</file>
            <file>file:/C:/xampp/htdocs/Makoti_reservation/login.php</file>
            <file>file:/C:/xampp/htdocs/Makoti_reservation/admin/service.php</file>
            <file>file:/C:/xampp/htdocs/Makoti_reservation/admin/login.php</file>
            <file>file:/C:/xampp/htdocs/Makoti_reservation/logout.php</file>
            <file>file:/C:/xampp/htdocs/Makoti_reservation/index.php</file>
            <file>file:/C:/xampp/htdocs/Makoti_reservation/admin/edit_service.php</file>
            <file>file:/C:/xampp/htdocs/Makoti_reservation/admin/delete_schedule.php</file>
            <file>file:/C:/xampp/htdocs/Makoti_reservation/services_content.php</file>
            <file>file:/C:/xampp/htdocs/Makoti_reservation/admin/add_note.php</file>
            <file>file:/C:/xampp/htdocs/Makoti_reservation/content2.php</file>
            <file>file:/C:/xampp/htdocs/Makoti_reservation/about.php</file>
            <file>file:/C:/xampp/htdocs/Makoti_reservation/admin/add_user.php</file>
            <file>file:/C:/xampp/htdocs/Makoti_reservation/admin/index.php</file>
            <file>file:/C:/xampp/htdocs/Makoti_reservation/about_content.php</file>
            <file>file:/C:/xampp/htdocs/Makoti_reservation/admin/sched_today.php</file>
            <file>file:/C:/xampp/htdocs/Makoti_reservation/login_error.php</file>
            <file>file:/C:/xampp/htdocs/Makoti_reservation/dasboard.php</file>
            <file>file:/C:/xampp/htdocs/Makoti_reservation/contact_us.php</file>
            <file>file:/C:/xampp/htdocs/Makoti_reservation/services.php</file>
            <file>file:/C:/xampp/htdocs/Makoti_reservation/admin/update1.php</file>
            <file>file:/C:/xampp/htdocs/Makoti_reservation/admin/edit_user.php</file>
            <file>file:/C:/xampp/htdocs/Makoti_reservation/signup.php</file>
            <file>file:/C:/xampp/htdocs/Makoti_reservation/admin/sidebar.php</file>
            <file>file:/C:/xampp/htdocs/Makoti_reservation/admin/delete_member.php</file>
            <file>file:/C:/xampp/htdocs/Makoti_reservation/admin/users.php</file>
            <file>file:/C:/xampp/htdocs/Makoti_reservation/session.php</file>
            <file>file:/C:/xampp/htdocs/Makoti_reservation/admin/delete_sched.php</file>
            <file>file:/C:/xampp/htdocs/Makoti_reservation/yes.php</file>
            <file>file:/C:/xampp/htdocs/Makoti_reservation/success.php</file>
            <file>file:/C:/xampp/htdocs/Makoti_reservation/admin/user.php</file>
            <file>file:/C:/xampp/htdocs/Makoti_reservation/admin/toolttip_edit_delete.php</file>
            <file>file:/C:/xampp/htdocs/Makoti_reservation/admin/delete_service.php</file>
            <file>file:/C:/xampp/htdocs/Makoti_reservation/admin/schedule.php</file>
            <file>file:/C:/xampp/htdocs/Makoti_reservation/edit_info.php</file>
            <file>file:/C:/xampp/htdocs/Makoti_reservation/admin/session.php</file>
            <file>file:/C:/xampp/htdocs/Makoti_reservation/admin/note.php</file>
            <file>file:/C:/xampp/htdocs/Makoti_reservation/admin/add_service.php</file>
            <file>file:/C:/xampp/htdocs/Makoti_reservation/content1.php</file>
            <file>file:/C:/xampp/htdocs/Makoti_reservation/admin/update.php</file>
            <file>file:/C:/xampp/htdocs/Makoti_reservation/sidebar.php</file>
            <file>file:/C:/xampp/htdocs/Makoti_reservation/admin/sort_date.php</file>
            <file>file:/C:/xampp/htdocs/Makoti_reservation/admin/footer.php</file>
            <file>file:/C:/xampp/htdocs/Makoti_reservation/contactus_content.php</file>
            <file>file:/C:/xampp/htdocs/Makoti_reservation/signup_form.php</file>
            <file>file:/C:/xampp/htdocs/Makoti_reservation/navbar.php</file>
            <file>file:/C:/xampp/htdocs/Makoti_reservation/admin/delete_note.php</file>
            <file>file:/C:/xampp/htdocs/Makoti_reservation/admin/members.php</file>
            <file>file:/C:/xampp/htdocs/Makoti_reservation/desktop.ini</file>
            <file>file:/C:/xampp/htdocs/Makoti_reservation/admin/navbar_dasboard.php</file>
            <file>file:/C:/xampp/htdocs/Makoti_reservation/generatecaptcha.php</file>
            <file>file:/C:/xampp/htdocs/Makoti_reservation/admin/dbcon.php</file>
            <file>file:/C:/xampp/htdocs/Makoti_reservation/tooltip.php</file>
            <file>file:/C:/xampp/htdocs/Makoti_reservation/admin/navbar.php</file>
            <file>file:/C:/xampp/htdocs/Makoti_reservation/header.php</file>
            <file>file:/C:/xampp/htdocs/Makoti_reservation/footer.php</file>
            <file>file:/C:/xampp/htdocs/Makoti_reservation/thumbnail.php</file>
            <file>file:/C:/xampp/htdocs/Makoti_reservation/admin/teacher.php</file>
            <file>file:/C:/xampp/htdocs/Makoti_reservation/admin/delete_note_modal.php</file>
        </group>
    </open-files>
</project-private>
